Suite,Company,Company2,Logo1,Logo2
100,Lighthouse,,underarmor.svg,
101,Maven GIG,,maven.svg,
102,,,,
103,eThink,,ethink.png,
104,Towson Watch Company,,towsonwatch.png,
105,Maven GIG,,maven.svg,
106,South Baltimore Gateway Partnership,,SBGP_logo.svg,
107,NetSea,,,
200,Weller Development,,Development.svg,
300,WebbMason/Catalyst Labs,Bully Entertainment,Catalystlabs_logo_blacktext.png,bullyLogoHome.png
400,,,,
500,Weller Development,,Development.svg,
600,Balti Virtual,Hungry Harvest,bv_logo.png,HHLogo_1C_ORG.jpg
700,Ready Robotics,Launch Port,ready-robotics-logo-white.png,launchport.png
800,Launch Port / Life Sprout,,,
900,EMS / EMS-B,,,
1000,Betamore,,,
